{"cameraMode":{"drawMode":0,"name":"Shaded","section":"Shading Mode"},"sceneLighting":true,"audioPlay":false,"sceneViewState":{"m_AlwaysRefresh":false,"showFog":true,"showSkybox":true,"showFlares":true,"showImageEffects":true,"showParticleSystems":true,"showVisualEffectGraphs":true,"m_FxEnabled":true},"in2DMode":false,"pivot":{"x":-0.13375000655651093,"y":5.709244728088379,"z":-8.18550968170166},"rotation":{"x":-0.25276464223861697,"y":-0.32528403401374819,"z":0.09051356464624405,"w":-0.9067268371582031},"size":0.8660253882408142,"orthographic":false}