{"cameraMode":{"drawMode":0,"name":"Shaded","section":"Shading Mode"},"sceneLighting":true,"audioPlay":false,"sceneViewState":{"m_AlwaysRefresh":false,"showFog":true,"showSkybox":true,"showFlares":true,"showImageEffects":true,"showParticleSystems":true,"showVisualEffectGraphs":true,"m_FxEnabled":true},"in2DMode":false,"pivot":{"x":3.9079554080963136,"y":-1.4053940773010255,"z":3.8969969749450685},"rotation":{"x":-0.2130933552980423,"y":0.02718999609351158,"z":-0.005968159530311823,"w":-0.9766987562179565},"size":7.77601957321167,"orthographic":false}