{"cameraMode":{"drawMode":0,"name":"Shaded","section":"Shading Mode"},"sceneLighting":true,"audioPlay":false,"sceneViewState":{"m_AlwaysRefresh":false,"showFog":true,"showSkybox":true,"showFlares":true,"showImageEffects":true,"showParticleSystems":true,"showVisualEffectGraphs":true,"m_FxEnabled":true},"in2DMode":false,"pivot":{"x":3.8667383193969728,"y":5.336508750915527,"z":-8.419771194458008},"rotation":{"x":-0.16234822571277619,"y":-0.27370917797088625,"z":0.04692862182855606,"w":-0.9468457102775574},"size":1.2247449159622193,"orthographic":false}