{"cameraMode":{"drawMode":0,"name":"Shaded","section":"Shading Mode"},"sceneLighting":true,"audioPlay":false,"sceneViewState":{"m_AlwaysRefresh":false,"showFog":true,"showSkybox":true,"showFlares":true,"showImageEffects":true,"showParticleSystems":true,"showVisualEffectGraphs":true,"m_FxEnabled":true},"in2DMode":false,"pivot":{"x":7.943609237670898,"y":13.340188026428223,"z":-11.699970245361329},"rotation":{"x":-0.2696790099143982,"y":-0.041309989988803866,"z":0.011542976833879948,"w":-0.9620159268379211},"size":2.203552007675171,"orthographic":false}